Reviewer Name,Review Text,Review Date,Star Rating
David Habegger,I‚Äôve been coming here for years whenever I am on the Upper West Side or wanting to have pizza in the park. It was one of my favorite pizza places in the city. ‚Ä¶,a month ago,5
ReedH,Pretty solid slice shop on the west side! Maybe a little inconsistent in terms of crispness of the crust - my first slice was absolutely perfect but the second one could have done with a bit more time in the oven. Lots of cheese and pretty good toppings though. I‚Äôd come back.,a month ago,4
Hila Cohen,Very good pizza!! Cheese is tasty; very good toppings; crispy and fresh crust. Highly recommended,a month ago,5
Samantha Taranto,Most delicious pizza in New York. I loved the vodka sauce slice and pepperoni slices. The dough is cooked to perfection. The service is also great the staff are all friendly and welcoming with quick service and great prices. Thank you for a delicious meal; can‚Äôt wait to go back again.,a year ago,5
Gigi,The pizza is great; we also tried the garlic bread. but the server is not as friendly when my friend ask about the ingredients (she have dietary restrictions). However other than that; they serve a good pizza. And also the place is quite spacy and you can sit in it; in which not all pizza place has a lot of space to sit.,7 months ago,4
Jessica A,We tried two pizza by the slice places while we were in NYC and this one was definitely the better option. It was recommended by one of the locals and she sure knew what she was talking about. ‚Ä¶,a year ago,5
Fatemeh Aarabi,Every pizza tastes fantastic here! My favourite are the vodka and the one with artichokes!,a month ago,5
Bryan Stoops,I had a slice of grandma style and a slice of margarita pizza while killing some time on the Upper West Side. I went on a Friday night and lots of times; a few hours after dinner; pizza places are picked over; Made In New York had all kinds ‚Ä¶,9 months ago,5
David Cunningham,First or second best slice pizza in the hood.  Price per slice has gotten outrageously high; but I still go back because it‚Äôs better than anything else nearby (Mam‚Äôa Too is farther from me).  Spicy pepperoni is their signature; but they also have maybe my favorite plain cheese slice in the city.,a month ago,5
Raquel Sennholtz,Stopped in for a pizza on a Saturday night with family. We chose to sit outside. The pizza was fantastic! I loved the crust. The staff was pleasant and I'd go back in a heartbeat!,a week ago,5
Sam M,This is my favorite new pizza find in the city for a good slice! It's better than Joe's and the other big name recognition spots. There is indoor and outdoor seating. They have one tray of toppings for the pizza which usually tourists who ‚Ä¶,a year ago,5
Jesse Hirshon,Great taste; quality is there and staff give warm vibes as well. Normally pepperoni is my favorite; took staff recommendation and also tried vodka slice- hard to tell which was better. Try this spot!,a year ago,5
Giulia Cavallo,Best New York pizza for sure! We had to pass by multiple times as we couldn‚Äôt get enough of their eggplant square pizza! So delicious!!,5 months ago,5
Eric Ng,Great slice joint close to the museum of natural history. Close to the M79 also. ‚Ä¶,8 months ago,5
Ashley Vee,I‚Äôve purchased from this pizza shop before and was highly disappointed one day. During my lunch break I went to get a slice then went back to work to enjoy it. Upon taking a few bites I realized it was molded!!!,8 months ago,2
Alan Varghese,Pretty good standard NY style pizza with a ton of square slices as well. Plenty of options; average prices; indoor and outdoor seating and  as well. ‚Ä¶,a year ago,5
Ricardo Herrera,Amazing pizza; recommended if you want to enjoy a pizza slice and a beer.,4 months ago,5
A.L. Harris,My absolute favorite late night pizza place.  Open until 11 on weekdays and 1 on weekends. Perfect place for a late night slice on your way home.  Everything‚Äôs fresh and made with high end ingredients.  Plenty of choices.  There are a few of these in the city but this one‚Äôs the best. A few tables outside too.,a year ago,5
Kosha Singh,Amazing pizza and garlic bread‚Ä¶. It was a door dash order and we were thrilled with how amazing this simple pizza can be.,7 months ago,5
Joanna Roemhild,Delicious pizza by the slice or whole. Great selection. REASONABLE prices. Great assortment of 16 ounce beers; wine by the glass or bottle. Great budget way to go for a meal if on the upper west side.,7 months ago,5
Lazaros Simeon,Nice place. Good number of tables. Clean dining area and toilets. Staff were friendly and patient with out-of-towners unfamiliar with NYC-style pizza. The pizza itself was really good; really nice sauce; wide selection. I had plain cheese; ‚Ä¶,2 months ago,5
Paolo Maselli,Really really good slices! Their plain slice was damn near perfect NY style: Warm; crispy; perfect balance of cheese and sauce. The square slice was awesome too!,a month ago,5
Sean Ryan,Lived up to the hype; Best mushroom sliced; I ever had; they saut√©ed them in garlic first and really nailed it. Top to bottom first class slices,3 weeks ago,5
Mer P,Wow! Love this neighborhood spot. It‚Äôs consistently full and the pizza is great. For me; the Sicilian slices are better than the regular. They are crispy on the outside on all sides and then nice and chewy and fluffy on the inside. Tomato sauce is tangy and sharp - not too sweet and tastes fresh!,a year ago,5
Anita Yoder,Fantastic pizza! Great service. Good value. Would definitely come again!,2 weeks ago,5
Triple R,During our vacation in NY; I had to have a NY pizza. What better place to get one other than ‚ÄúMade in New York Pizza‚Äù ?!? We got a cheese; pepperoni & square (onions & mushrooms) pizza‚Ä¶along with some ‚Ä¶,2 years ago,5
Bev Reno,Best pizza ever! The New York pizza had loads of cheese. The eggplant pizza was phenomenal! So tasty!!,4 months ago,5
Saddmun Ahsan,Okay spot. I think the price doesn't match the quality or the taste of the pizza. The square pizza was a total bust and the margherita was average at best - not something I'd pay $4.50 / slice. ‚Ä¶,4 months ago,3
Ed Jalinske,This is now my new go-to pizza place. Everything is good. Even the fountain soda. I would have taken a picture of my corner Sicilian slice but alas I ate it very quickly. Therefore; I leave you with a picture of an empty plate and used napkin. Eat here. Thank me later. Cheers!,a year ago,5
Rob H.,This is one of our favorite pizza places we really like the cheese slices and the sausage and pepperoni slice as well as the pepperoni square is really good with the spicy pepperoni on it. This is the shop on 80th and Amsterdam there‚Äôs ‚Ä¶,2 years ago,5
Craig Sargent,Best pizza I‚Äôve ever had.,2 weeks ago,5
Kam Olfert,Ok- this is very good pizza. I eat a lot; and this spicy pepperoni is top 5 pizza I‚Äôve ever eaten. Delish!!!,a week ago,5
Alex,I will let the pictures talks by itself‚Ä¶i dont appreciate paying premium for a thin burned crust pizza‚Ä¶,4 months ago,
Âè∂Êô®‰∏∞,Great place to dine in at and great pizza. The pizza here is a lot different than the ones I eat from dominos here but the con is that the average full pie is around $30 each; which is something I‚Äôm not used too. ‚Ä¶,a year ago,5
Lizbeth Juarez,I tried several different pizza places during my visit to New York and this place was the best by far. I had the Margharita Pizza and the Classic pepperoni. The crust was crispy; the cheese had some good stretch; the flavors were great. It was nice to also have a sit down experience inside.,4 months ago,5
Tanvi Vartak,Alka Vodka Pizza is just great! Very tasty pizza and super helpful staff! Best to pair with wine and there‚Äôs a shop right next door!,a month ago,5
Maitri Bhandari,This is one of the best New York slices that I have tried. The crust is so airy and crispy; unlike those heavy slices that you get around the city which make you go heavy on your stomach. ‚Ä¶,a year ago,5
Santiago German Perrone,Great pizza; fair prices considering other places. The downside was that there were some rats outside the store; walking through the tables; it was disgusting and we had to move inside the store to have dinner.,a year ago,3
Michelle Rivera,Amazing garlic knots & pizza; highly recommended! Quick service as well!,6 months ago,5
Michele Guttermuth,Got a couple of pies from this place to go. The customer service was pretty good and the pies delicious. Ordered buff chick; cheese; pepperoni; spinach; and grandmas (Sicilian- only 8 slices). All the pizzas were delicious; and I loved ‚Ä¶,a year ago,4
Heidi Soper,If you're looking for a quick; but yummy place to try out NY pizza; this is the place to go! We got garlic knots; slice of pepperoni and cheese. The dough was so yummy and they heated it all up in a wood fired oven; so it was very fresh! We ‚Ä¶,a year ago,5
Jose Delgado,Excellent Pizza by the slice with many options. Pizza has a delicious crust that snaps at every bite. Cheese and sauce are well balanced and the toppings are generous. Would be 5 stars but the AC was not working well; tables were dirty and the soda machine was low on ice. Otherwise a great place for a slice or two.,2 years ago,4
Ben Kim,Good pizza; tables; chairs; bathroom; take out box was very sturdy,a month ago,4
Kinbo Lee,My wife and I walked by on our way to Zabar's from visiting the American Museum of Natural History and thought we'd drop in as we had heard of this place as a stop on some pizza tours (which we decided to forego in our trip planning). We ‚Ä¶,a year ago,4
Heinrich Kreuser,Fantastic pizzas. Wow. Never had such a good margarita in my life.,5 months ago,5
Roger Lam Chop,My favorite neighborhood pizza joint. Delicious while sober; divine while drunk. So many toppings to choose from; all ready-to-eat; and always reheated to a crisp. Bring cash for a discount!,2 years ago,5
Benjamin Wenisch,Had lunch at Made in New York Pizza and it didn't disappoint. Their authentic New York style pizza was a real treat to-go - truly tasty! A must-try spot for pizza enthusiasts. Solid 4 stars for this iconic slice of the city.,a year ago,5
Mike Loh,If you're a Teenage Mutant Ninja Turtle you'd wish you were human and come to this joint and pick up a few authentic New York style pizza pies .,7 months ago,5
Manuel M,Nasty & Rude Service for an +$100 order. Literally throws change and receipt across counter. If you don‚Äôt like your job; make a change. ‚Ä¶,a month ago,
Stephanie B.,So many choices of delicious pizza by the slice (or order a whole pizza). Lots of vegetarian choices too. Friendly staff. Seating is casual with some shared tables. Good for a quick bite to eat.,10 months ago,5
St√©phane Marthe,Very good pizzas! Lot of choice and fair prices. Staff : cooks were nice but woman at the desk needs to learn how to smile and be friendly...,4 months ago,4
Beauty Connoisseur,For my wife and I; this is our fave neighborhood pizza; and fave in Manhattan. I've had Lombardi's; Joe's; Prince St.; Mama's Too and countless others in my life; but this is the place we call home. We love stopping in for a late night ‚Ä¶,2 years ago,5
Brandon Facon,Busy and clean shop - quick service; great pizza! Margherita slice and veggie square were BOMB,7 months ago,5
Zane Hollingsworth,We stopped by on a cold evening to try a few slices while visiting the city. The pizza was great. I had two slices of pepperoni and sausage and my wife had a slice of sausage and mushroom and a slice of white pizza with ricotta and spinach. ‚Ä¶,a year ago,5
Jessica,I was in Central Park; my friend said this was one of the two must places to go in this hood (I'm a downtown Manhattan girl) especially when it comes to my faves. The Spicy pepperoni Sicilian didn't disappoint but I am not a fan of the ‚Ä¶,3 years ago,3
Rodrigo,Look no further; this is the best pizza of ny.,a month ago,5
Shakil Mirza,It‚Äôs an ok pizza for $5.50 a slice; the chicken (not pictured) is really flavourful. But two flaws; 1) too much crust and 2) too hard to chew for a thin crust. I prefer Joes Pizza.,a year ago,4
Leonardo Torres,The crust was firm and crunchy. The sauce and cheese were of good quality.  The spicy pepperoni was well seasoned and flavorful.  This pie may be more akin to a Detroit style but I can proudly state that it's "Made in New York.",3 years ago,5
johnathan viruet,Overpriced mid-tier pizza. Service was inconsistent; and I couldn't tell if I was hated or loved as a customer. Atmosphere: Meh; at best.,a month ago,3
Farouk Chemam,I had 3 pizza üçï slices. One that was white with cheese only and two with tomato and cheese aka Margherita. Unfortunately once I had the Margherita I tasted the tomato paste which is heavily used. Meaning that their tomato sauce (marinara) ‚Ä¶,5 months ago,2
Jordan Van Maanen,I sometimes have to eat gluten free because of my wife. Unfortunately the GF crust just wasn‚Äôt that good. Not sure there is GF crust in NY that gets even close to the original crust. I didn‚Äôt try the regular pizza but it looked great!,4 months ago,3
Roy Treiyer,Good variety of pizza. I only had a plain slice. The crust was good; but the cheese wasn't the best (mainly the texture; probably due to the quantity). Customer service could have been friendlier. Service to us was good; but a customer was having trouble ordering and the person attending was visibly annoyed and impatient.,2 years ago,4
Christopher Mongeon,One of the best pizzas I‚Äôve ever had! A must if you‚Äôre in NYC üçï ‚Ä¶,10 months ago,5
Fabio Pizzuto,Very good pizza. Great crust. A bit pricey (for non-basic pizzas) but at least cards are accepted. Good job,a year ago,4
Sophie Farrell,Best pizza in nyc currently. The taste; so yummy; cheese is creamy buttery; the size and weight.. its big and hefty but also light; airy; crunchy and chewy. the price; its a steal. just everything about this place is great. I need it in queens.,a year ago,5
Biagio Gulino,The pizza is really really good has a great crispy crust my go too slice is the squared upside down it has a delicious garlic marinara sauce which of course is made in house along with all the other sauces they have it's a must have!!!!!!,2 years ago,5
Q R Conley,I‚Äôm so happy to see this place survived Covid. We stopped in on Saturday for the square pepperoni pizza and just as we remembered from 2019; it was super delicious. We also had the white pizza square and a pizza roll (which had tons of meat). Can‚Äôt wait to return for more!,3 years ago,5
Adriano Caruso,Exactly what I think of when imagining the perfect new york slice. Got the vodka sauce and pep square. Crust is perfect and flavour is all there,a year ago,5
Sean Torres,I am a simple man. Having last visited NY in 2006 before life had me occupied and far away from the city that I was born in. ‚Ä¶,2 years ago,5
Erin Howell,Great pizza! Friendly staff. This review would be 5 stars if the tables were cleaner and the drink machine was better serviced. I would recommend this place if you‚Äôre looking for New York pizza!,2 years ago,4
dave I,12/8/23 first time here. Good pizza. Went 50/50 with Margarita and BBQ chicken slices. Both good.,11 months ago,4
ramahawk 13,Good slices; but they were out of pepperoni when I stopped by. The white/vodka pizza was superior; though.,2 months ago,4
Fiona Ha,Tried regular slices today. No complaint baked to perfection. Will def return to try other recommended flavors.,a year ago,5
NYC Guide,Great spot! They have a cash discount if your a tourist or going to local museums this is a great New York pizza spot. Anywhere you see using Grande Cheese you know its worth the extra price.,a year ago,5
Tanner Schenewark,Had the spicy pepperoni delivered. It was delicious. Perhaps not my top pizza in the city; but the delivery was fast; the pizza was delicious and I will definitely be ordering again. ‚Ä¶,2 years ago,5
Luiz Teixeira,In our humble opinion; the best pizza we have ever had in the world! Went back many times after trying others way more expensive; and each time consistently excellent.,3 months ago,5
Josh Kass,Excellent NY 'Za. In the West Side this place just mastered the perfect recipe. Great pie choices; and both thick and thin crust. Excellent food!! And away from all the noise of downtown.,a year ago,5
Melissa Mathis,Pizza was great. They offered gluten free which is a plus for me when I have celiac. They even put my own pizza cutter in the box to keep from cross contamination. Loved this place.,3 years ago,5
Tom Bab,Slice pizza goooood;  garlic knots delicious. Hungry after drinks ? This is the place ! Delicious üòã ‚Ä¶,2 months ago,5
Ehud R.,Delicious pizza (especially the vodka pizza); reasonably priced. Sitting area is so-so; but you can always just order as a takeaway.,a year ago,4
Jennifer Conrad Seekamp,Meh pizza. Good cheese to sauce ratio but was over cooked so crust had a burnt taste. Caesar salad was disappointing as it was mostly romaine hearts- no leaves- and a package of Ken‚Äôs dressing. Fast Doordash delivery for a Saturday night so that was üòé. ‚Ä¶,a year ago,3
Todd Barnes,Amazing pizza in the neighborhood! Cant go wrong with a slice here and the spicy pepperoni is amazing!,10 months ago,5
Jacqueline Boone,Visiting from Virginia; stopped here for lunch- only 2 blocks from the Natural History Museum. My 9 year old said; ‚Äúthis is the best pizza of my life‚Äù and he is quite the pizza connoisseur. Affordable; fast and delicious. Kid friendly place; also serving adult beverages for the parents.,9 months ago,5
Y C,Decent pizza I wouldn't say it's bad but it's not the best I had. My Barstool rating would be 7.7,2 years ago,4
Mike Foster,The Best pizza I have ever ever eaten bye bye #home town favorite,9 months ago,5
Pip Beidler,I accidentally dropped all of our pizza; and they replaced it free of charge without thinking. They were wonderful people with great pizza !!,a month ago,5
Austin D'souza,Fantastic NY pizza! The rectangle pepperoni; bbq and Buffalo pizzas were delicious; however they all looked pretty good. Sprinkle some parmesan on there and youre good to go! Reasonably priced!,a year ago,5
Macarena Riquelme,It was delicious and an amazing experience overall The only thing that I can say is that the vodka sauce pizza had a little bit much of oil; but it was excellent still. Their margarita pizza and the mushroom ‚Ä¶,9 months ago,5
Kristen Wall,First visit to NYC and wanted to find a good pizza place that wasn't a tourist trap so I extensively read reviews before deciding on Made In New York Pizza and it did NOT disappoint; simple but delicious; thin but not hard crust; just the right amount of chewy; and the garlic knots were incredible.,2 years ago,5
Bonnie Hunt,The pizza is very good. The crust was nice and crisp. They have such a big variety.  Service was pretty quick. It gets crowded; so go early.,6 months ago,4
Aimee Mihalko,Ordered a slice to go (sausage and pepperoni). It was my first time. Service was very good. However I thought a slice and a bottle of Sprite for $9.50 was a bit too high. Well; it wasn‚Äôt. The toppings were incredibly fresh and delicious. ‚Ä¶,11 months ago,5
Jane Doe,I always come here to get my pizza on my lunch break from work . The people are nice and the employees are a delight : You won‚Äôt be disappointed with the pizza,a year ago,5
Ann Davis,Calzone was rushed; but still delicious. Their Grandma's pizza is authentic.,a month ago,5
lino guglielmo,The location is clean and has two tables and window space with area to eat standing .Siciliana pizza with half pepperoni & sausage toping was cooked well done as requested it was tasty but could have used slightly more sausage. There are ‚Ä¶,8 months ago,4
Crimson Legacy,Great authentic New York Pizza  place. Very clean interior and quick service. Couldn't wish for any more!,2 years ago,5
Jessi Scott,Great pizza by the slice!! Was in and out in 10 minutes. I had the pepperoni and sausage and a slice of the Margherita. Both were delish. Their garlic knots are also dope. Slices are huge. I ate 1.5 and ate the rest the next day.,3 years ago,5
Trinity R.,Great pizza. Got the vodka and Margherita. Casual and comfortable place to sit and eat.,3 months ago,5
Xo,Awesome pizza üçï; garlic knots and great customer service üôèüèΩü§åüèºMerry Christmas üéÑ guys! ‚Ä¶,10 months ago,5
Taren Ikea,Delicious pizza with a variety of options and fair prices. Definitely recommend!!,3 months ago,5
Dilruba Parveen,Great pizza! The NY cheese slice and buffalo chicken was our favorite,3 months ago,5
Jay Marietti,What a good slice!  I burnt the roof of my mouth a little because I couldn't WAIT.  Such a nice undercarriage on that pizza.  The sauce to cheese ratio was perfect.  I did my research before I went to NYC and this place did not disappoint.,8 months ago,5
Luca Bardelli,All in all good pizza; and I say it as an Italian .. the seat is there and you are served in a short time .. I recommend,2 years ago,4
Ken Hom,Delicious! If you like a cheesy slice with nice sauce and crusty crust... This is for you! MINY pizza don't skimp on flavor! I also definitely recommend the garlic knots too; OMGosh!,2 years ago,5
Donald Macleay,Great selection of slices.  Served quickly in a friendly manner.  Look out for the price of bottled water.  Two different slices with multiple toppings and water was 15 bucks,2 years ago,4
M L,Had the pepperoni and it was exactly what I was looking for. Classic NYC pizza. Really liked the sauce. Fast service. Plenty of options for toppings.,a year ago,5
Graham Vance,Stopped here for a slice at dinner. They do squares and traditional slices. The square slice was a spicy pepperoni. The crust was nicely cooked. The pepperoni was plentiful and tasty. ‚Ä¶,a year ago,4
Aur√©lien Loyer,Nice experience üçï Possibility to select over multiples pizza slices. We earned point of lives yesterday night ! üëå ‚Ä¶,a year ago,4
Brajan Ilievski,Happened across this place by accident; but I'm happy I did. Slices are big; flavourful; and full of toppings. Crust is great too. The guys serving inside are chill and friendly. It was my favorite pizza place while on my trip in New York.,a year ago,5
Alejandra Gabriela Velasquez Orozco,Delicious you could order a pie or a slice I tried the barbecue; it was great. The price was good,2 years ago,5
Tyler Gomez,Very reliable slice. Both the regular and Sicilian slices were great.,3 months ago,5
Angela Aube,Best pizza I've had. Went for a third slice because I couldn't resist. I always start off at a new place with a slice of cheese to taste how the crust; sauce; and cheese mix without any toppings to sway the flavor. It was perfect and the ‚Ä¶,a year ago,5
George Kenefati,‚ÄúBetter than Joe‚Äôs‚Äù - my gf,a week ago,5
Kripali Vikram,I had the mushroom slice. At under $5 a slice; it's well worth the price.,2 years ago,5
Adriana Oyarce,Such delicious pizza - not the friendliest staff but the pizza is so good I guess its fine. We‚Äôve been eating here everyday on our trip. Will definitely miss it.,10 months ago,5
Libi Mirkin,I highly recommend trying this pizza in West Manhattan.  The pizzas are freshly made in a stone oven; resulting in a crunchy crust. The ‚Ä¶,a year ago,5
Mayank Gupta,Randomly stumbled on this place and glad I did. The vodka slice was perfect with a very crisp crust.,a year ago,5
Steven Blount,This is a pizza shop. No nonsense when it comes to quality slices; sicilians and pasta. The pricing is great for the area; If you're getting a cheaper slice it'll likely not be of the same quality.  Staff were polite and engaging and kept ‚Ä¶,a year ago,5
American Eagle,The price it‚Äôs very high 6$ for one slice pizza What,a month ago,4
ayikahS H,I used the app Too Good to Go and got three specialty slices of pizza for $4.99. Pictures are of the two slices that I didn‚Äôt eat. I appreciate that my pizza was hot and immediately ready for me to pick up. In addition; the one slice that I ‚Ä¶,2 years ago,4
S. Bell,I ordered the upside down slice. Amazing! I'm big on pizza sauce and the sauce is actually flavorful. This is my new favorite pizza place. I'd take the train from Brooklyn just to get a slice. Don't forget to sprinkle some Parmesan and red pepper flakes on it! üëçüèΩ ‚Ä¶,a year ago,5
James H,This would be a great pizza if it had half the salt. I‚Äôve literally never had saltier food in my life. I think somebody made a mistake with the recipe or something; it just tastes totally botched.,8 months ago,3
Nicole Louie,Decent pizza; we got the Sicilian pepperoni and the margherita slice. The pepperoni wasn‚Äôt very spicy and the sauce was too sweet,a year ago,4
Branden Cusolle,Definitely deserves the 4.7 stars. Looked for something with a high rating in the area and was not disappointed.,5 months ago,5
Lindy Louise,These guys don't know how to warm up pizza or; most importantly; garlic knots; without burning them. This would be the umpteenth time ordering garlic knots; specifically asking them not to burn them; only to get home and find out they are ‚Ä¶,a year ago,
Nicholas Roth,I loved the Margharita pizza‚Äôs extremely flavorful tomato sauce and basil. I was not impressed by the regular pizza though‚Äî Patsy‚Äôs does that better. The crust is in a sweet spot for me‚Äî thin enough to make the meal light yet thick enough that the pizza stands up on its own.,a year ago,5
Danny Paulino,The garlic knots were amazing; and the food delivery is fast. Def come here for some good food üò∏ ‚Ä¶,2 years ago,5
Margaret ‚ÄúMaggie‚Äù Riseborough,I stopped here after just finding on google maps. I had the eggplant slice and the pepperoni slice. BOTH FANTASTIC. The red sauce is so fresh tasting. My boyfriend had the white slice with ricotta (pretty good) and the vodka slice and he loved that one! will come back,a year ago,5
Yevhen Karychkovskyi,Wow; that was the best pizza I've tried in NY!,a year ago,5
berkeley mcgregor,The pizza here is to die for. I would sell my soul for another taste of this delectable dinner. Get a cheese Sicilian slice if you want to feel reborn into an eating experience.,a year ago,5
Ryoji Yamada,Excellent plain pizza.  I‚Äôm 95% certain that this recipe was reverse-engineered from the Joe‚Äôs recipe.  They use more cheese which is a positive and the crust is a little thicker.  However the flavor of the sauce; cheese and crust are ‚Ä¶,a year ago,5
Calder Russell,It was fantastic pizza; with phenomenal service!,4 months ago,5
Philip Vincent,Great dough....really great. The spicy pepperoni Sicilian style wasn't my cup of tea; but the traditional style was top notch. Sub par Coke from the dispenser (tasted really off) was disappointing on a crazy hot day. But; I wouldn't hesitate to get a pie from here.,2 years ago,4
Ashley Jax,This place was amazing. Visiting from Florida and we don‚Äôt have pizza like this there! it was so good I considered coming back a second time. I got the bbq chicken pizza. highly recommend.,a year ago,5
Diane King,I just had an A+ worthy mushroom and spinach slice.  The thin crust is very good for low-carb diets.  I've been here a few times before and will be back.,a year ago,5
Molly Theobald,By far the best pizza we had in New York. Excellent taste; great crust; and big slices. We went while the marathon was happening but that did not slow down service we got our slices very quickly. Definitely recommend this location,2 years ago,5
Ericktza Rodriguez,Husband and I drove out with our son for a day trip; we're from Mass; and we stopped for pizza here and it was AMAZING. So flavorful and don't even get me started on how good the garlic knots were! A must have if you're in the area.,2 years ago,5
Nick Felker,This quiet pizza place on the Upper West Side has some of the best pizza--it's cheesy and greasy while also avoiding a thick dry crust. It's not the cheapest for a slice; but you'll still eat well for about ten dollars.,a year ago,5
Charlie Russell,Pizza by the slice; you gotta love it! Lots of choices. They put your slice back in the oven to warm it up rather than just using a heat lamp. Fast service; patient with all the dumb questions,a year ago,5
Adam Croft Broxton,When  we visited NYC; went to Scarrs and here . Both incredible but very different.  I would return here first before Scarrs. It's very approachable ; affordable and delicious ‚Ä¶,a year ago,5
Better Together Here,Quality pizza; quick service; and open late. What more can you ask for?  We recommend the upside down squares!,11 months ago,5
Brett Kemper,We had the cheese pizza and square spicy pepperoni pizza. Both were delicious. Also had the garlic knots and Caesar salad which were good; nothing special. Ordered online and food was ready on time. Would definitely have this again!,2 years ago,5
Chelsea Rodriguez,Best pizza ever. The buffalo chicken pizza didn‚Äôt have too much buffalo taste and it was the perf temp despite it being cold out. It was a really good price as well. There was a good amount of seating as well. Def recommend.,a year ago,5
David S,Pizza is pretty good; that's why i went there. But the service is beyond incompetent. They said come in 15 minutes.  I did. they said ready in 5 min.  i waited 10 ‚Ä¶,a year ago,
Alessio Cianetti,Unhappy service..no smile...no polite. Pizza is avarange good The five stars reviews is comprised,2 years ago,3
Gio M,Great New York pizza; love it; and it's an Italian perspectiveüòÜüòÜüëç ‚Ä¶,2 years ago,5
Meredith Frymire,YUM! Very quick & easy! Loved the crust and the convenience of this place! We had the pepperoni (yummy but greasy) slice & mushroom (not too greasy; great cheese pull) slice. Would recommend!,2 years ago,5
Krista Hopp,We were looking for some New York style pizza; and we found it! The pizza was great; and we also got some delicious garlic knots! We especially loved sitting outside on a warm September day.,2 years ago,5
John Dowling,Very happy to have found legit pizza on a quick NYC turn!,2 years ago,5
Albert Li,Ordered Pepperoni/Sausage and Mushroom slices.  The pizza was delicious; the crust was thin and crispy; toppings were good; right amount of sauce; and not dripping with oil (you know; when you fold and oil starts dripping out of the back.)  I would definitely get it again; I want to try their square slices.,3 years ago,4
Jason Green,I came in. Ordered two whole pizzas at $35 each and given a time frame that it would be ready in 15-20 min. Ok no problem.  I leave and come back in that time frame and was told it would be ready in 5 more min. Ok; no problem I leave again ‚Ä¶,a year ago,
Guy Average,Stopped in yesterday. Menu said 5.00 for a  Margherita slice. The guy rang it up I was charged 5.92. I asked why the price was so high on the register. He said the menu prices are incorrect. Are you kidding? This place is a complete joke. Please leave our neighborhood.,a year ago,
Diana Chesk,One of the bests pizza places in NYC,a year ago,5
Udita Markovich,The folks working here are very welcoming and kind.   Pizza sauce was too sweet;  not your typical NY or NJ pizza.   It was also salty.  Other folks seemed to really like it.   I tossed it.,2 years ago,2
Hao Meng,We went here specifically to see Google reviews; let me tell you my feelings; the business is very good; the price is average; because I ordered a lot; and I packed it before I finished eating; that is to say: I only dealt with a paper bag ‚Ä¶,a year ago,3
Kevin McCarty,Best slice we had in NYC.,a year ago,5
Scott Summers,Not a good place to go to if you want to enjoy a nice night of pizza with your family. Condescending workers and horrible pizza. Very unhappy. F-,a year ago,
Lauren Irick,Solid and FRESH pizza place in NYC. Quick; easy; and also have a bathrooms. Also a large drink selection - alcoholic and non,8 months ago,5
Ruben Reyes,What a New York slice should taste like.,2 months ago,5
Alejandro Raines,The eggplant parm square slice is the best slice I‚Äôve ever had; every time. Dare I say it is godly; extraterrestrial; hallucinogenic,a year ago,5
Doug Montgomery,Excellent pizza; I should have ordered another slice.  It was uncomfortably warm inside; but using the tables outside was nice.,a year ago,4
Elisa Seidman,Slice of pepperoni was too thin; not hot even after being in your oven; really oily with no Italian flavor.  My husband said it was the worst pizza he ever had.  He had to gargle when he came home.,a year ago,
Joel Nowak,So far; the best pizza we found in New York! Thin; crispy crust with good flavors. Absolutely recommend trying this place üëç ‚Ä¶,a year ago,5
Heather O'Keeffe,Really good pizza by the slice. They heat the pizza up in a proper pizza oven until it‚Äôs piping hot. Glad we chose here for our NYC pizza experience!,a year ago,5
Kurt Jensen,Best slice in the neighborhood by far.,9 months ago,5
sjohnston267,Forced gratuity will always equal one star,5 months ago,
Nestle MoNai,really good pizza. i‚Äôm not sure if their ingredients are clean; probably not; but i‚Äôll order again when i want ‚Äújunk food/bad for you‚Äù pizza. the one thing that threw me off was they used red peppers as a topping instead of green. flavors would be so much better with green peppers.,3 years ago,4
Willa Stewart,Great pizza! Friendly staff. Super clean place. I would recommend this place if you‚Äôre looking for New York pizza!,a year ago,5
Latin In Manhattan,Friendly cash out the mini pepperoni corner scil slice is to die for white cheese is delish I thinkl the tomato sauce on the scillian is very different than the regular slice I love the scillian sauce makes me think momma is in the kitchen ‚Ä¶,2 years ago,5
Moeena M,Delish pizza!!! Have some seating inside and was pretty fast service despite how busy they were definitely recommend the Margherita,a year ago,5
Bradley Cutter,Very good pizza at reasonable prices,5 months ago,5
Dave Lindsay,I like their pizza; but was incredibly disappointed that they sent this out for delivery. Why? I hope someone reads their Google reviews. It‚Äôs about the best pizza on the UWS..,2 years ago,4
nkosch,Best pizza I had all day!,2 years ago,5
Kavya Rajesh,Pizza was delicious; I loved the crust especially. Well worth the money,a year ago,5
–ú–∞—Ä–∏—è –ß—É–ø–µ—Ä–∫–∞,Great place in a few minutes from central park; delicious pizza for every taste and preference ; time of waiting is pretty fast; just order it and in a few minutes enjoy your choice,2 years ago,5
Jill Weiss,Best pizza around! Come here every time I‚Äôm on the UWS for delicious pizza. My husband and I LOVE IT here!,2 years ago,5
Anastasja Moynihan,So good! Really enjoyed their pizza;especially the Margherita & tiny pepperoni pizza slice.,2 years ago,5
Samuel Ballinger,Vodka Slice was genuinely the best pizza slice I've ever had worldwide.,a year ago,5
Shargeel Hayat,Best pizza of my life.,4 months ago,5
Dante Gutierrez,Best pizza in NYC by far!,9 months ago,5
John,My favorite neighborhood pizza joint.,a year ago,5
Olya Pryydun,I recommend visiting this pizzeria. Very delicious food and very friendly workers. Clean and cozy cafe. I recommend visiting this pizzeria. Delicious food and very friendly employees. Clean and cozy cafe.,3 months ago,5
Tschui,Of all the New York pizza I've had; this one impressed me the least. Too much cheese and half of the toppings were burnt. But it tasted okay. Probably wouldn't come back.,4 months ago,3
Kerstin Krygier,Hot; cheap & not really healthy (a lot of fat drips from the pizza) good selection served on paper plates,5 months ago,4
Bryan P. R.,Our first pizza in New York meets expectations; quite good.,5 months ago,5
Afra Doma,Fast service; flavor and plenty of ingredients. We bought 2 each and were full after the first one. We ordered 4 different types; one of which was very good.,4 months ago,5
Maria Evelia Basurto Lopez,Delicious pizzas are all there to enjoy. Congratulations to the chefs,10 months ago,5
Dan Forsstr√∂m,A very basic pizza slice place.,2 months ago,4
peter bosanac,A must in New York. Super tasty pizzas and absolutely ok in terms of price.,2 years ago,5
Andy Lee,Great tasty American pizza :) Price/performance ratio is good.,a year ago,5
mirza matos,Delicious pizza. I LOVED IT.,a month ago,5
Angelo Martello,Average takeaway pizza. The most practical solution to satisfy your hunger while traveling around NY,2 months ago,5
Sylvie Nico,French on vacation...chance brought us here...and we were disappointed! Good pizzas and good value for money for NY üòäwe validate. at 4 we paid 44üíµ ‚Ä¶,6 months ago,5
Adriana Moreno,Good taste; good price; close to Central Park and the American Museum of Natural History,9 months ago,5
Sotiris Kazaklis,Very tasty pizza and cheap. Everything we tried was delicious.,6 months ago,5
Kamil Brzezi≈Ñski,Great place for a quick pizza. You can buy a piece and eat it on site or take it away. Large selection. I recommend!,2 years ago,5
Anagaby Salda√±a,Excellent flavor; without a doubt a small place that you cannot miss; a few blocks from the Natural History Museum.ü§§ ‚Ä¶,2 years ago,5
Michael Obeloer,Maybe the best pizza in New York üçï Super tasty and not too expensive üëçüèºüá∫üá∏ ‚Ä¶,2 years ago,5
Jeanne LE NEZET,Very good slices of pizza. And fair prices!,a year ago,4
Youri Lajoie,We were looking for a small; inexpensive; typically New York restaurant... we were not disappointed! Excellent pizza; excellent price; fast service; nothing to complain about!,a year ago,5
Gabriele Ricchiardi,NYC style pizza by the slice; also excellent on an Italian scale. The square pan option is also very valid. Excellent quality pasta and sauces.,2 years ago,5
Marcia Marli S C Figueira,Nice and cozy place; but nothing very special. The pizza is very average and the price is ok compared to other places; I confess that the square pizza was better than the standard one lol.,a year ago,5
B√©n√©dicte Joubert,Excellent pizza; well garnished. fair price,a year ago,5
Noel CHOPARD-LALLIER,Excellent pizzas Lots of choice,3 weeks ago,5
Nina Kostic,Great pizza; perfect dough.,3 months ago,5
Lara Romano,Pizza tested and approved. This is obviously the giant pizza; the one that... you can have dinner with a slice. Good dough. Cooked well. Well done!,2 years ago,5
◊®◊ï◊†◊ü ◊†◊ß◊ë,Very high quality pizzas; hot inside without air conditioning; outside they didn't open the umbrella; but hey great pizza.,a year ago,5
Mario Baeza,Very tasty and good service.,2 years ago,4
Carlos Trejos,Excellent portions of pizza üçï very tasty and very fast service ‚Ä¶,a year ago,5
KEENNY TRAPANI,Delicious pizzas; a different flavor than others I've tried üòã ü§§ üëå ‚Ä¶,a year ago,5
Ra√∫l Barrionuevo Gonz√°lez,We liked the pizzas. I recommend it if you are in the area,10 months ago,5
Jerzy Piechowiak,Very good pizza. You can buy pieces (each piece may be different). Or a whole pizza.,2 years ago,5
Michael,Great pizza at a reasonable price! If you want a delicious snack; you've come to the right place!,2 years ago,5
–Ø—Ä–æ—Å–ª–∞–≤ –ë–æ–±—Ä–æ–≤—Å—å–∫–∏–π,Just super! Wow... especially with eggplant it was very tasty),a year ago,5
Ge√≥rgia Medeiros,Sooooo good!!,2 years ago,5
Genevi√®ve MATTHYS,Very good pizza and excellent garlic knots ü§§ü§§ü§§ ‚Ä¶,a year ago,5
Pilar √Ålvarez Benedicto,The pizza is not bad; but the waiter who serves you could not be more unpleasant to treat you.,2 years ago,
Cesar Cayo Talavera,Very delicious typically New York pizza,a year ago,5
Cindy Hernandez,Excellent pizza!,5 months ago,5
Jacky Luu,Very good pizza; especially the square pies.,11 months ago,5
David MENISSIER,Very good pizzas. We found them better than at Joe's Pizza üòÅüòâ ‚Ä¶,a year ago,5
JM O,Not bad for eating on the go but definitely too fatty.,2 years ago,3
Christina White,No review content,a year ago,5
Janet Urbina,The pizzas are very delicious; recommended üíØ by üíØ ‚Ä¶,a year ago,5
Natalie Tomlinson,No review content,a year ago,4
Carla Escol√† Costa,Unbeatable price-quality ratio.,a year ago,5
Pedro Mazzino,One of the best pizzas in NYC.,2 years ago,5
ytalo delgado,Delicious pizza !,2 years ago,5
Olivia Charlot,Fast service and very good pizza!,2 years ago,5
Jose Santiago,Me. I like the service; I really recommend it üëå üëç ‚Ä¶,2 years ago,5
Anika Vil,Super tasty; super cross :-),2 years ago,5
Martiniano Gutierrez,Fast; rich and economical. Excellent.,2 years ago,5
Mrinal Kumar,Best pizza UWS,2 years ago,5
Federica De Angelis,The pizza is very good!!!,a year ago,5
Pornnapa Singhawannurat,No review content,2 years ago,5
Skyler Spivey,No review content,2 years ago,5
Joseph Tordella,No review content,3 years ago,5
Alexander Schmidt,Delicious!,a year ago,5
Juan Carlos,Delicious pizza; thank you,2 years ago,5
Karla Santos,No review content,2 years ago,5
Jorge D√≠az,()_() (‚Ä¢.‚Ä¢) / >üçï ‚Ä¶,7 months ago,4
Santiago Bonilla Crespo,Delicious,2 years ago,5
radha sukhu,No review content,a year ago,5
Mitch Million,No review content,a year ago,5
Cely Mah,No review content,a year ago,4
Shin Suk Choi,No review content,a year ago,5
Martin Rubio,Delicious,2 years ago,5
Antonio Cruz,No review content,a year ago,4
Purple Lady2445,No review content,a year ago,5
Ian Yates,No review content,a year ago,4
Alonso Salmonella,No review content,a year ago,5
George Yates,No review content,a year ago,5
Thomas Devos,No review content,a year ago,5
Roger Orton,No review content,a year ago,5
Caryn N. Chan,No review content,a year ago,5
Sascha Ellington,No review content,a year ago,5
Farah Cineus,No review content,a year ago,5
Tobias B√∂hm,No review content,a year ago,5
Michael Condon,No review content,a year ago,5
ajay kumar Palaniswamy,No review content,a year ago,5
Christine Testa REHS RS CPFS (The Food Safety Mentor),No review content,a year ago,5
Sandra Bergman,No review content,a year ago,5
Ramon Sosa,No review content,a year ago,5
J o E L p E r E Z,No review content,a year ago,4
Geetika Nagpal,No review content,2 years ago,5
J Lopez,No review content,a year ago,5
Luis Villadiego,No review content,2 years ago,5
Cesar Ramon Pe√±a Pe√±a,No review content,a year ago,5
Juan Se Quintero,Delicious!,2 years ago,5
Andrew Lock,No review content,2 years ago,4
Marcel C.,No review content,2 years ago,4
Nadav Winer,No review content,2 years ago,5
Andrew Chang,No review content,2 years ago,5
Adva Y,Thank you for rating your experience with us Adva. We‚Äôre sad to see you gave us a low rating with no feedback on your overall experience with us. ‚Ä¶ More,2 years ago,3
Ali Karimi,No review content,2 years ago,5
Webster Ross,No review content,2 years ago,5
Michael Alan Connelly,No review content,2 years ago,5
Alexiz Patt,No review content,2 years ago,5
Iana Leontieva,Hi Lana;  Thank you for taking the time to review us. ‚Ä¶ More,2 years ago,3
Banner Al,No review content,2 years ago,5
Bhavani Prabha,No review content,2 years ago,5
Camila Concepci√≥n,No review content,2 years ago,5
david caceres,No review content,2 years ago,5
Peter Berthold,No review content,2 years ago,5
Rohish Samant,No review content,2 years ago,5
Chris Ekonomidis,No review content,2 years ago,5
Rodolphe Tissier,No review content,2 years ago,5
Robert Leonard,No review content,2 years ago,5
Oswal Zar,Delicious Pizza,a year ago,5
Pietro Luna,No review content,2 years ago,5
Bobby Billy,No review content,2 years ago,5
Brandi Wolfe,No review content,2 years ago,5
Subashini Azhagappa,No review content,2 years ago,4
Omar Syed,No review content,2 years ago,5
Denis Romanov,No review content,2 years ago,5
Katiria Vargas (Kati),No review content,3 years ago,4
Ricky Celi,No review content,3 years ago,4
Elizabeth Alt,No review content,3 years ago,5
Otoniel M√©ndez,No review content,3 years ago,4
Matt Colf (Matt Colf),No review content,3 years ago,3
Tom Killeen,No review content,3 years ago,5
Georg Malik,Perfect pizza,2 years ago,5
Juliana Gerhardt,Thank you for the fantastic 5-star rating! We're thrilled to hear that you enjoyed our pizza here in the Upper West Side. We take pride in serving some of the best pizza in New York; and it's feedback like yours that motivates us to keep ‚Ä¶ More,3 weeks ago,5
Clark Valmont,Thank you so much for the 5-star review; Clark! We truly appreciate your feedback and are thrilled to hear that you enjoyed our pizza. Here at Made in New York Pizza in the Upper West Side; we're passionate about serving the best pizza in ‚Ä¶ More,3 weeks ago,5
Sam Honaker,Thank you for the 5-star review; Sam! We're thrilled to hear that you had a great experience at Made in New York Pizza in the Upper West Side. We take pride in serving up some of the best pizza in the area; and it's customers like you who ‚Ä¶ More,a month ago,5
David Parker,Thank you for the 5-star rating; David! We're delighted to hear that you enjoyed our pizza at Made in New York Pizza in the Upper West Side. Here at our pizza place; we take pride in serving the best pizza in town; made with authentic New ‚Ä¶ More,a month ago,5
Enamul H,No review content,2 months ago,4
Oliwia Bieniek,No review content,2 months ago,4
Peter Yoo,Thank you for the raving 5-star review! We are thrilled to hear that you enjoyed our Upper West Side pizza joint. At Made in New York Pizza; we take pride in serving up the best pizza in town; made with love and fresh ingredients. We hope ‚Ä¶ More,2 months ago,5
Nabil I,No review content,2 months ago,3
Nieznany,Thank you for the 5-star rating! We are thrilled to hear that you enjoyed your experience at Made in New York Pizza. Our goal is to serve the best pizza in the Upper West Side; and we are delighted to know that we hit the mark with you. Looking forward to serving you again soon at one of the top pizza places in New York!,2 months ago,5
Stacy Hydinger,Thank you for the 5-star rating; Stacy! We're delighted to hear that you enjoyed our pizza here at Made in New York Pizza in the Upper West Side. We take pride in serving the best pizza in town and it warms our hearts to know that you had a ‚Ä¶ More,2 months ago,5
Bruno Martins,No review content,2 months ago,4
Mike Conrad,Thank you so much for the awesome 5-star rating; Mike! We're thrilled to hear that you enjoyed our pizza here at Made in New York Pizza in the Upper West Side. The team works hard to serve up the best pizza in town; and it means a lot to us ‚Ä¶ More,2 months ago,5
Manzinger 1980,No review content,3 months ago,
Alexandre Eldaoud,Thank you for the 5-star review! We're thrilled to hear that you enjoyed our pizza at Made in New York Pizza in the Upper West Side. We take pride in serving up the best pizza in the area; and it's awesome to know that you had a great ‚Ä¶ More,3 months ago,5
Kuljinder Dhillon,Thank you so much for the 5-star rating; Kuljinder! We're thrilled to hear that you enjoyed our pizza here at Made in New York Pizza in the Upper West Side. We take pride in serving some of the best pizza in the area and it's always awesome ‚Ä¶ More,3 months ago,5
shreya mujumdar,Thank you for the 5-star review! We're thrilled to hear that you enjoyed our pizza here at Made in New York Pizza in the Upper West Side. We take pride in serving up some of the best pizza in the area; and we're glad you think so too. Next ‚Ä¶ More,4 months ago,5
Hina Thahseen,No review content,4 months ago,4
H Lev,Hey H Lev! Thanks so much for the awesome rating! Hope to see you again soon! Cheers! ,4 months ago,5
Nesha S,Hey Nesha! Thanks so much for the awesome rating! Hope to see you again soon! Cheers!,5 months ago,5
Heiner Proust,No review content,5 months ago,5
Faith Elizabeth Fuller,Hey Faith! Thanks for the awesome review. We're glad you enjoyed our pizza! üçïüëç  ‚Ä¶,6 months ago,5
501Learay,Hey 501Learay! Thanks for the awesome review. We're glad you enjoyed our pizza! üçïüëç  ‚Ä¶,6 months ago,4
Peter Spaet,Thank you so much for your feedback! ,6 months ago,4
Guillaume,Thank you so much for your feedback! ,7 months ago,5
Lyndsey Miller,Thank you so much for your feedback! ,7 months ago,5
Sabrina Thompson,Thank you so much for your feedback! ,7 months ago,5
Janissa Rose,Thank you so much for your feedback! ,7 months ago,5
Eduardo Acosta,No review content,7 months ago,5
Paul Emerson,Thank you so much for your feedback Paul; we look forward to hosting you again soon! ,8 months ago,4
Aaron Mota,No review content,8 months ago,4
Jerrin Joseph,Thank you so much for your feedback Jerrin; we look forward to hosting you again soon!,10 months ago,5
Desi Pilla,Desi; thanks for your feedback! If you'd like to share more information about your dining experience; feel free to reach out. Look forward to seeing you again soon.,10 months ago,4
Armin Paliƒá,Thank you so much for your feedback Armin; we look forward to hosting you again soon!,10 months ago,5
Kristen M,Kristen; thanks for your feedback! If you'd like to share more information about your dining experience; feel free to reach out. Look forward to serving you again soon.,10 months ago,4
Haneen Boughanem,Thank you so much for your feedback Haneen; we look forward to hosting you again soon!,10 months ago,5
Koa Honda,Thank you so much for your feedback Koa; we look forward to hosting you again soon!,10 months ago,5
Suhaibi,No review content,a year ago,5
JAVIER ANDRES VELEZ-MARTINEZ,No review content,a year ago,5
Arturo Chanfreau,No review content,a year ago,5
Nicholas Bowser,No review content,a year ago,4
Fabio Buda,No review content,a year ago,4
odilee minier,No review content,a year ago,5
Anita Grabowska,No review content,a year ago,5
Bryndon Coughlin,No review content,a year ago,4
Amadon DellErba,No review content,a year ago,4
David A. Beard,No review content,a year ago,5
Brian Rivera-Matos,No review content,a year ago,5
Rommel Castro,No review content,a year ago,5
Monia N,No review content,a year ago,5
Carlos Lugo,No review content,a year ago,5
michael feinberg,No review content,a year ago,5
Peter Hatzidimitriu Dimas,No review content,2 years ago,5
Boubacar Diallo,No review content,2 years ago,5
gal,No review content,2 years ago,5
bob dick,No review content,2 years ago,5
Cameron Tarzaban,No review content,2 years ago,5
Wojciech Nadolny,No review content,2 years ago,5
Angely Matias,No review content,2 years ago,
Jack Dermer,No review content,2 years ago,5